time_s,pack_current_A,pack_voltage_V,soc_pct,ambient_C,coolant_in_C,coolant_out_C,coolant_flow_Lmin,T1_C,T2_C,T3_C
0,149.8703,43.4204,79.9306,29.4931,24.9972,25.398,3.9933,36.6131,37.4124,37.9499
1,150.2517,43.4201,79.8611,29.5102,25.0082,25.3904,3.9746,36.6652,37.4887,38.0879
2,151.0979,43.4183,79.7911,29.5636,25.0058,25.3972,4.0123,36.5788,37.4919,37.9716
3,152.0565,43.4162,79.7207,29.507,25.0166,25.4256,3.9621,36.6223,37.5249,38.0072
4,149.2561,43.426,79.6516,29.4979,24.9867,25.3956,3.9749,36.6875,37.528,38.0066
5,151.8157,43.4187,79.5813,29.516,25.0148,25.4249,4.012,36.6979,37.5383,38.1394
6,151.5328,43.4204,79.5112,29.5045,25.0026,25.3857,3.9725,36.6871,37.4792,38.3051
7,152.9089,43.4168,79.4404,29.5956,25.0294,25.4041,3.9867,36.7287,37.6249,38.117
8,153.1066,43.417,79.3695,29.4865,25.02,25.4311,4.058,36.6965,37.4968,38.1881
9,152.7491,43.4189,79.2988,29.5253,25.0074,25.4062,4.0187,36.6239,37.6091,38.0901
10,151.3948,43.4239,79.2287,29.5434,24.9778,25.3968,3.9995,36.6177,37.498,38.1733
11,152.0543,43.4224,79.1583,29.5672,25.0533,25.4683,4.0095,36.7895,37.5754,38.0633
12,152.624,43.4212,79.0876,29.5647,25.0774,25.4679,3.9718,36.7026,37.6907,38.1569
13,151.024,43.4269,79.0177,29.6282,25.0513,25.4581,3.9863,36.7995,37.3824,38.2075
14,150.1891,43.43,78.9482,29.5764,25.0763,25.4636,3.9909,36.6726,37.5471,38.2619
15,150.4055,43.4298,78.8785,29.5321,25.041,25.4778,4.007,36.6726,37.6605,38.1551
16,151.0978,43.4279,78.8086,29.5349,25.0347,25.4495,4.0148,36.8071,37.7373,38.0216
17,150.8052,43.4291,78.7388,29.6207,25.0413,25.4343,4.0505,36.7509,37.5052,38.1724
18,148.4544,43.4368,78.67,29.6102,25.003,25.4213,3.9989,36.7721,37.633,38.2228
19,147.6178,43.4396,78.6017,29.6208,25.0574,25.4496,4.0175,36.8536,37.5626,38.2471
20,149.4439,43.4339,78.5325,29.6319,25.0539,25.4499,4.0371,36.9965,37.6441,38.1317
21,148.1458,43.438,78.4639,29.6333,25.0788,25.4746,3.9848,36.7929,37.492,38.1777
22,148.6429,43.4363,78.3951,29.6417,25.0262,25.4269,3.9989,36.8844,37.6195,38.033
23,147.0934,43.4411,78.327,29.6432,25.0655,25.4423,4.0095,36.8052,37.6717,38.2301
24,147.7611,43.4386,78.2586,29.7177,25.0089,25.434,3.9998,36.915,37.6192,38.1375
25,149.8593,43.4316,78.1892,29.6142,25.0663,25.4559,4.0051,36.8275,37.5919,38.1467
26,146.1177,43.4431,78.1216,29.7166,25.0555,25.5003,3.9783,37.0129,37.5695,38.1607
27,146.9155,43.44,78.0536,29.6193,25.0735,25.434,3.9891,36.9352,37.7557,38.1117
28,149.6959,43.4305,77.9843,29.6643,25.0148,25.4194,4.0077,36.8825,37.7663,38.2969
29,147.8385,43.4357,77.9158,29.6165,25.0669,25.4372,3.9806,36.9305,37.7022,38.0825
30,148.33,43.4334,77.8471,29.6803,25.01,25.4032,4.025,36.8679,37.6926,38.2359
31,149.4539,43.4289,77.778,29.6291,25.0529,25.5068,3.9992,37.0204,37.7364,38.146
32,150.8206,43.4236,77.7081,29.6755,25.0661,25.4554,4.0107,37.0866,37.7772,37.9874
33,151.4058,43.4207,77.638,29.6134,25.0172,25.421,3.9808,36.7512,37.6502,38.083
34,150.0099,43.424,77.5686,29.5905,25.0837,25.4753,4.0337,36.935,37.734,38.1458
35,151.3555,43.4185,77.4985,29.649,25.0643,25.4663,3.9909,36.8597,37.4795,38.0859
36,151.1433,43.4179,77.4285,29.6942,25.122,25.5179,3.9684,36.91,37.6098,38.0165
37,151.9094,43.4141,77.3582,29.6856,25.127,25.5376,3.9715,36.9821,37.7302,37.9966
38,152.4586,43.4109,77.2876,29.7037,25.0635,25.473,3.9898,37.0657,37.6894,37.8909
39,152.248,43.4101,77.2171,29.7092,25.0942,25.5167,4.0476,36.741,37.5474,38.0939
40,153.8489,43.4034,77.1459,29.6119,25.1053,25.4868,4.0502,36.7487,37.7647,38.0408
41,152.6962,43.4055,77.0752,29.6219,25.0951,25.5197,3.9644,36.8406,37.6396,37.9714
42,152.2085,43.4054,77.0048,29.7735,25.0687,25.4794,4.0024,36.9124,37.6414,37.9412
43,150.803,43.4081,76.9349,29.7746,25.1107,25.5294,3.9963,36.878,37.5683,37.9209
44,151.7296,43.4034,76.8647,29.6999,25.1079,25.521,4.0168,36.8773,37.6739,37.9558
45,150.8223,43.4045,76.7949,29.676,25.0705,25.4662,4.0393,36.8219,37.5271,38.0263
46,152.5529,43.3971,76.7242,29.7143,25.0568,25.4519,4.0072,36.8446,37.5924,37.824
47,149.6423,43.4045,76.655,29.6854,25.0779,25.4656,4.0239,37.0115,37.5778,37.8625
48,148.9915,43.4046,76.586,29.7382,25.1165,25.53,3.9802,36.9212,37.6942,37.8703
49,148.8185,43.4032,76.5171,29.7694,25.1202,25.5017,3.9769,36.8537,37.4781,37.9444
50,148.1926,43.4033,76.4485,29.7339,25.048,25.4583,4.0153,36.874,37.5781,37.8376
51,147.8796,43.4023,76.38,29.6997,25.1196,25.512,4.0053,36.715,37.528,37.8184
52,148.1705,43.3993,76.3114,29.7741,25.1092,25.5103,4.0363,36.8016,37.4477,37.9109
53,147.251,43.4002,76.2433,29.732,25.1032,25.508,4.0163,36.8099,37.5349,37.7
54,148.8103,43.3932,76.1744,29.823,25.0979,25.4595,4.0121,36.8036,37.524,37.9763
55,146.4263,43.3988,76.1066,29.6317,25.0564,25.4408,3.9709,36.685,37.5975,37.735
56,148.3467,43.3907,76.0379,29.6927,25.141,25.5334,4.0356,36.7047,37.4392,37.7976
57,148.0399,43.3897,75.9694,29.6902,25.095,25.4843,4.0217,36.7266,37.5465,37.8017
58,147.673,43.3889,75.901,29.7347,25.1145,25.4864,4.0172,36.8825,37.4683,37.7259
59,147.9107,43.3862,75.8325,29.7554,25.0634,25.4736,3.9666,36.8311,37.3571,37.6746
60,148.7212,43.3816,75.7637,29.746,25.0869,25.4535,4.0202,36.8421,37.5706,37.5617
61,148.0213,43.382,75.6951,29.7287,25.1159,25.4933,4.0323,36.7768,37.4197,37.7097
62,149.1816,43.3764,75.6261,29.7589,25.1007,25.476,4.0199,36.7164,37.4106,37.6715
63,151.3483,43.3677,75.556,29.7561,25.1326,25.5339,4.0216,36.761,37.4846,37.6912
64,150.5828,43.3683,75.4863,29.7083,25.1156,25.5339,4.0038,36.5288,37.3959,37.6823
65,151.7807,43.3628,75.416,29.748,25.09,25.4997,3.9948,36.5526,37.3046,37.5223
66,151.8454,43.3609,75.3457,29.7516,25.1423,25.5311,3.9595,36.7358,37.3162,37.5919
67,152.2735,43.3579,75.2752,29.7967,25.1167,25.519,4.0036,36.5967,37.4405,37.4085
68,151.4193,43.3591,75.2051,29.8052,25.1416,25.53,3.9673,36.6004,37.3316,37.5473
69,153.3653,43.3514,75.1341,29.7909,25.1378,25.5423,3.9774,36.5187,37.49,37.7191
70,151.4491,43.3562,75.064,29.7667,25.0954,25.5292,4.0392,36.5884,37.3956,37.4224
71,151.1322,43.3558,74.994,29.6934,25.1116,25.5045,4.0451,36.4935,37.2723,37.3189
72,151.1678,43.3545,74.924,29.739,25.0817,25.4826,3.9907,36.6119,37.2601,37.6632
73,152.5085,43.349,74.8534,29.7294,25.0858,25.4921,3.9872,36.5697,37.2487,37.5038
74,152.153,43.349,74.783,29.8188,25.0918,25.5344,4.0039,36.6694,37.2279,37.4119
75,152.6965,43.3462,74.7123,29.7816,25.0777,25.4457,4.0026,36.5249,37.1898,37.3487
76,151.6256,43.3487,74.6421,29.7639,25.1122,25.4916,3.9949,36.4363,37.1374,37.3947
77,150.6614,43.351,74.5724,29.7117,25.1141,25.5136,4.0118,36.4244,37.2004,37.4629
78,148.7556,43.3563,74.5035,29.7316,25.1269,25.5413,3.9955,36.5217,37.0574,37.4184
79,149.7079,43.3525,74.4342,29.7638,25.1262,25.5066,3.9957,36.5097,37.1756,37.4015
80,150.48,43.3495,74.3645,29.7365,25.1157,25.528,3.9766,36.402,37.2173,37.3047
81,147.985,43.3569,74.296,29.7517,25.1231,25.5224,3.9773,36.4508,37.224,37.3242
82,149.6975,43.351,74.2267,29.7674,25.1331,25.5366,3.9995,36.4281,37.0608,37.3153
83,148.3601,43.355,74.158,29.6863,25.1241,25.4826,4.0175,36.3439,37.0218,37.3137
84,148.7698,43.3534,74.0891,29.737,25.0944,25.4904,4.0166,36.3102,37.0813,37.1171
85,147.5562,43.3571,74.0208,29.7177,25.1235,25.5017,3.9885,36.4008,37.166,37.2977
86,147.9207,43.3558,73.9523,29.7979,25.1107,25.5078,3.966,36.2758,36.9941,37.114
87,146.6564,43.3599,73.8844,29.6547,25.0903,25.4824,3.9915,36.3931,36.9441,37.1276
88,148.2541,43.3548,73.8158,29.7613,25.1176,25.499,3.9641,36.2318,37.0247,37.2938
89,149.0411,43.3525,73.7468,29.713,25.1072,25.4944,4.0171,36.3253,37.1028,37.2615
90,150.2426,43.3488,73.6773,29.7828,25.1337,25.5224,3.9825,36.2231,37.3065,37.1315
91,150.1033,43.3496,73.6078,29.7418,25.0806,25.4538,3.9819,36.3236,37.0364,37.1892
92,148.6291,43.3547,73.5389,29.7234,25.1027,25.4819,4.0337,36.3508,36.9031,37.064
93,148.9285,43.3541,73.47,29.8135,25.1273,25.4991,4.0594,36.1892,36.8991,37.2101
94,148.9967,43.3544,73.401,29.7444,25.1508,25.5505,4.0219,36.2644,36.8732,37.1574
95,150.3883,43.3505,73.3314,29.6584,25.1146,25.4845,4.0147,36.2106,36.7656,37.1125
96,152.5222,43.3443,73.2608,29.7858,25.0984,25.4905,3.9964,36.219,36.983,37.2428
97,153.1631,43.3429,73.1899,29.7042,25.0998,25.4961,3.9708,36.2585,36.9623,37.0661
98,151.284,43.3496,73.1198,29.7804,25.1296,25.5458,3.986,36.2346,36.8296,37.1134
99,153.1361,43.3444,73.0489,29.6472,25.1028,25.4703,3.9977,36.3751,36.7323,37.2244
100,121.5191,43.4464,72.9927,29.7318,25.0303,25.357,3.9945,34.5531,35.3133,35.6003
101,120.9024,43.4492,72.9367,29.6793,25.0869,25.4168,3.9921,34.7209,35.3946,35.7039
102,121.834,43.447,72.8803,29.6801,25.1057,25.4319,3.9603,34.5719,35.3677,35.5086
103,122.607,43.4454,72.8235,29.6826,25.1347,25.4931,3.9809,34.7148,35.1919,35.4881
104,120.8868,43.4518,72.7676,29.6774,25.1004,25.3954,4.0126,34.6089,35.2928,35.53
105,120.9218,43.4526,72.7116,29.7329,25.0748,25.4051,4.0149,34.5609,35.405,35.4355
106,121.0427,43.4532,72.6556,29.6107,25.1071,25.5036,3.9589,34.6698,35.4043,35.604
107,120.9876,43.4543,72.5995,29.6303,25.1299,25.4583,3.9493,34.7499,35.3539,35.4899
108,121.9171,43.4522,72.5431,29.6892,25.0932,25.4075,3.9822,34.7582,35.3462,35.6258
109,120.4827,43.4577,72.4873,29.6789,25.1223,25.4757,4.0218,34.6029,35.2892,35.7205
110,119.9703,43.4603,72.4318,29.6912,25.1421,25.4927,4.0226,34.6929,35.3704,35.4709
111,119.0854,43.464,72.3766,29.7001,25.0787,25.4226,4.0234,34.6213,35.2663,35.6928
112,118.7575,43.4659,72.3217,29.6549,25.0647,25.4285,3.9949,34.6421,35.3277,35.5332
113,118.828,43.4665,72.2667,29.6985,25.0764,25.3753,4.0011,34.5689,35.3599,35.5679
114,118.407,43.4687,72.2118,29.7127,25.0728,25.3973,3.9641,34.6474,35.1784,35.4495
115,117.7343,43.4716,72.1573,29.574,25.0521,25.3658,4.012,34.5731,35.2055,35.4788
116,118.282,43.4706,72.1026,29.6163,25.0763,25.3666,3.9837,34.8299,35.2628,35.5718
117,116.6604,43.4764,72.0486,29.6118,25.0955,25.4398,3.9612,34.6538,35.2821,35.4527
118,118.0129,43.4727,71.9939,29.6409,25.0979,25.4262,3.931,34.7035,35.3933,35.5028
119,119.5244,43.4685,71.9386,29.6045,25.0534,25.3667,4.0105,34.8258,35.335,35.5466
120,117.9226,43.4742,71.884,29.5675,25.1071,25.4802,4.0081,34.5566,35.2801,35.5772
121,117.0721,43.4773,71.8298,29.5759,25.0809,25.4096,4.0242,34.7633,35.3123,35.3867
122,119.9076,43.4687,71.7743,29.6788,25.0677,25.4206,4.0207,34.8309,35.3704,35.643
123,118.5171,43.4735,71.7194,29.5414,25.1002,25.4304,4.0058,34.7241,35.2314,35.505
124,118.6763,43.4732,71.6645,29.5969,25.0799,25.4512,3.985,34.7549,35.1749,35.619
125,120.6506,43.4671,71.6086,29.6245,25.0055,25.3501,4.0119,34.71,35.1848,35.6239
126,120.5791,43.4674,71.5528,29.5478,25.0512,25.3954,3.9818,34.6834,35.2238,35.5577
127,121.1281,43.4657,71.4967,29.6152,25.1066,25.4596,3.9837,34.8489,35.2546,35.6274
128,121.7392,43.4637,71.4404,29.6419,25.1153,25.4585,4.0155,34.8061,35.2685,35.6139
129,121.0267,43.4659,71.3843,29.5601,25.1079,25.4525,4.0073,34.8281,35.2513,35.6586
130,121.3268,43.4647,71.3281,29.5137,25.0611,25.42,4.0187,34.7361,35.2667,35.5014
131,121.7785,43.463,71.2718,29.5531,25.0702,25.4197,3.998,34.6823,35.1665,35.5925
132,120.9944,43.4651,71.2158,29.557,25.0464,25.4097,4.0166,34.7669,35.2855,35.5966
133,122.3193,43.4604,71.1591,29.5591,25.0345,25.3593,3.9948,34.7907,35.1469,35.8532
134,121.5322,43.4624,71.1029,29.5295,25.0388,25.3794,3.9829,34.7296,35.1906,35.5215
135,121.2267,43.4627,71.0467,29.5439,25.0367,25.3551,4.0164,34.9674,35.246,35.6612
136,121.291,43.4618,70.9906,29.5461,25.0574,25.424,4.0234,34.893,35.3012,35.6232
137,121.7282,43.4596,70.9342,29.477,25.0194,25.3465,4.0294,34.8681,35.2716,35.7012
138,121.1265,43.4606,70.8782,29.4382,25.0328,25.3639,3.9919,34.7289,35.2388,35.6331
139,120.5384,43.4615,70.8223,29.4894,25.08,25.3918,3.9796,35.0476,35.2159,35.7895
140,121.5858,43.4571,70.7661,29.418,25.0546,25.428,3.9797,34.865,35.3045,35.6874
141,120.084,43.4608,70.7105,29.5271,25.0316,25.3877,3.9764,34.9145,35.3204,35.7222
142,119.451,43.4616,70.6552,29.5094,25.0315,25.3561,4.011,34.9805,35.3334,35.6725
143,118.6356,43.4629,70.6002,29.5376,25.0388,25.39,4.029,34.9084,35.3674,35.7552
144,118.833,43.4609,70.5452,29.4571,25.0159,25.354,3.9877,34.9472,35.2955,35.7787
145,118.2739,43.4613,70.4905,29.4938,25.0162,25.3337,4.0207,34.9577,35.3539,35.7492
146,119.1709,43.4569,70.4353,29.476,25.0297,25.3979,4.002,35.0983,35.3747,35.8564
147,118.6924,43.4569,70.3803,29.5038,25.0156,25.3854,4.0218,34.981,35.4612,35.6746
148,118.3889,43.4562,70.3255,29.4654,25.0655,25.3978,3.9748,35.0107,35.3078,35.7676
149,118.3126,43.4548,70.2708,29.4633,24.999,25.3426,3.9948,35.2296,35.3015,35.729
150,118.5223,43.4524,70.2159,29.4276,24.9911,25.3198,4.019,35.0646,35.3707,35.889
151,118.7356,43.4499,70.1609,29.4885,25.0371,25.37,3.9542,35.1937,35.4999,35.8218
152,118.6801,43.4482,70.106,29.4146,25.0222,25.3535,3.9871,35.1876,35.3433,35.7984
153,118.8092,43.446,70.051,29.3899,25.011,25.3253,3.986,35.0247,35.2925,35.9534
154,117.9396,43.4468,69.9964,29.3744,24.9974,25.3289,4.0189,35.141,35.5572,35.9488
155,120.0767,43.4381,69.9408,29.4419,24.9948,25.3668,4.0232,35.2691,35.634,35.9827
156,120.2255,43.4356,69.8851,29.3765,24.9748,25.3308,3.9834,35.1972,35.3731,35.8995
157,120.3552,43.4332,69.8294,29.3609,24.9879,25.3592,4.0324,35.2962,35.5377,35.9874
158,119.6981,43.4333,69.774,29.4624,24.9824,25.3015,4.0113,35.2258,35.5368,36.0674
159,121.0518,43.427,69.7179,29.437,24.9901,25.3384,3.965,35.3199,35.4934,36.0908
160,121.2863,43.4242,69.6618,29.4066,24.9841,25.3569,3.9718,35.1929,35.546,35.9013
161,120.795,43.4238,69.6059,29.4402,25.0052,25.3278,4.0211,35.3211,35.7016,36.0093
162,122.0723,43.4177,69.5493,29.3763,24.9566,25.3144,3.964,35.3738,35.6415,35.9421
163,121.3196,43.4181,69.4932,29.3395,24.9699,25.3176,4.0157,35.2188,35.5616,36.1276
164,122.5552,43.4121,69.4364,29.3646,24.9854,25.355,4.0255,35.3389,35.7626,36.1594
165,122.5611,43.4101,69.3797,29.3033,25.0031,25.3401,4.0104,35.3227,35.6458,36.063
166,122.364,43.4088,69.3231,29.31,24.9842,25.3226,3.9835,35.2701,35.5809,36.1543
167,121.0947,43.4109,69.267,29.3764,24.9761,25.3254,3.9738,35.2364,35.6052,36.126
168,121.8234,43.4067,69.2106,29.3276,25.0422,25.3693,4.0207,35.2567,35.6248,36.1737
169,122.5338,43.4026,69.1539,29.3405,24.976,25.3367,3.9774,35.2982,35.7035,36.2902
170,122.0654,43.4023,69.0973,29.3979,24.9815,25.3337,3.9921,35.294,35.7242,36.1295
171,119.0207,43.4103,69.0422,29.3841,24.9718,25.3301,4.0097,35.4395,35.7235,36.2255
172,120.4897,43.4039,68.9865,29.4713,24.9605,25.2827,3.9642,35.3726,35.8885,36.1633
173,120.3078,43.4028,68.9308,29.3634,24.981,25.3198,4.0008,35.2561,35.8456,36.3405
174,120.0542,43.402,68.8752,29.3489,24.9762,25.3277,4.0133,35.2821,35.7663,36.1646
175,119.1581,43.4033,68.82,29.342,24.919,25.2775,3.9811,35.4417,35.758,36.2886
176,119.7835,43.3999,68.7646,29.331,24.9564,25.2971,4.0259,35.4209,35.7106,36.3423
177,118.5006,43.4026,68.7097,29.3076,24.9627,25.3228,3.9977,35.3744,35.7313,36.2955
178,117.8187,43.4034,68.6552,29.3469,24.9049,25.2449,3.9777,35.2116,35.8395,36.3415
179,118.1878,43.401,68.6004,29.2585,24.9545,25.2596,3.9869,35.2534,35.8423,36.3638
180,118.7823,43.3979,68.5454,29.3728,24.9093,25.2758,4.0167,35.4106,35.7696,36.2507
181,117.6256,43.4006,68.491,29.316,24.9608,25.2426,3.9927,35.398,36.0623,36.422
182,117.7357,43.3992,68.4365,29.2956,24.943,25.2896,3.9832,35.3308,35.8096,36.4976
183,118.8859,43.3946,68.3814,29.3273,24.9722,25.331,3.9952,35.2972,35.9723,36.3545
184,116.9553,43.3999,68.3273,29.2985,24.8939,25.2015,3.9721,35.3624,35.9185,36.3853
185,118.2335,43.3951,68.2726,29.2839,24.9686,25.2808,4.0171,35.434,35.8984,36.5332
186,119.0123,43.3919,68.2175,29.3002,24.9504,25.332,3.9924,35.3197,36.0129,36.4441
187,120.3834,43.3869,68.1617,29.3137,24.903,25.2591,4.0267,35.4791,35.8764,36.2795
188,119.8593,43.3881,68.1062,29.2744,24.97,25.2874,3.986,35.4227,35.9208,36.5294
189,119.4245,43.3891,68.051,29.1941,24.8991,25.2171,4.0216,35.4584,35.8971,36.4392
190,120.5343,43.3852,67.9951,29.2991,24.9239,25.2639,4.0194,35.2612,35.9184,36.5622
191,118.5873,43.3912,67.9402,29.3213,24.9123,25.2616,3.9781,35.5224,35.9664,36.509
192,121.7892,43.3808,67.8839,29.2486,24.9551,25.2946,4.0075,35.4051,36.0575,36.4599
193,119.947,43.3866,67.8283,29.25,24.9445,25.2902,3.9713,35.2327,36.1303,36.4782
194,121.9537,43.3802,67.7719,29.2884,24.9476,25.2691,4.0331,35.4344,36.1381,36.5554
195,120.7959,43.384,67.7159,29.2502,24.9359,25.2469,3.9931,35.353,36.1746,36.5481
196,121.9209,43.3805,67.6595,29.2517,24.9511,25.2739,4.0425,35.2885,35.9412,36.595
197,121.9793,43.3806,67.603,29.2077,24.941,25.2934,4.0044,35.4882,35.9042,36.6386
198,121.95,43.381,67.5466,29.2818,24.8951,25.2661,3.9703,35.4013,35.9646,36.7313
199,121.5491,43.3826,67.4903,29.3172,24.8985,25.2304,3.9998,35.2648,36.048,36.6758
200,91.2976,43.4799,67.448,29.2506,24.8875,25.1439,3.9818,33.7647,34.5711,35.1005
201,90.9691,43.4814,67.4059,29.2597,24.887,25.1515,4.0179,33.779,34.6197,35.0905
202,89.8174,43.4857,67.3643,29.2569,24.8907,25.1693,3.9807,34.0427,34.5615,35.2232
203,90.492,43.4841,67.3224,29.2613,24.8779,25.1528,4.0368,33.8702,34.742,35.3181
204,89.9487,43.4865,67.2808,29.175,24.9163,25.1927,4.0254,33.8168,34.6455,35.2931
205,89.7412,43.4879,67.2393,29.2831,24.9188,25.2037,4.0501,33.8481,34.6381,35.2965
206,89.7838,43.4885,67.1977,29.2823,24.8813,25.1449,3.9973,33.7643,34.7325,35.1332
207,89.2417,43.4911,67.1564,29.2597,24.9271,25.2072,4.0064,33.751,34.7828,35.2187
208,87.9541,43.496,67.1156,29.2537,24.8819,25.1293,4.0218,33.6947,34.5805,35.1977
209,88.7654,43.4943,67.0746,29.1833,24.8798,25.1559,3.9968,33.8152,34.6864,35.2129
210,87.8448,43.4981,67.0339,29.2484,24.8815,25.1803,3.9961,33.9767,34.7189,35.2006
211,88.8169,43.4959,66.9928,29.2151,24.9331,25.2105,4.0,33.6755,34.7675,35.3288
212,88.9668,43.4963,66.9516,29.2773,24.8659,25.1373,4.0304,33.7254,34.6628,35.1791
213,89.5361,43.4954,66.9101,29.3543,24.8907,25.1471,3.9921,33.6286,34.6612,35.3673
214,88.4449,43.4998,66.8692,29.3202,24.8657,25.1562,3.9615,33.769,34.8437,35.2248
215,88.8295,43.4995,66.8281,29.2419,24.8256,25.083,3.9813,33.699,34.7664,35.1015
216,88.7626,43.5006,66.787,29.2387,24.8652,25.146,3.9943,33.5699,34.7613,35.1972
217,89.5045,43.4992,66.7455,29.2453,24.9098,25.1676,4.023,33.6436,34.8062,35.3327
218,90.4591,43.497,66.7036,29.2133,24.8866,25.1604,4.0328,33.5915,34.7681,35.2717
219,89.2927,43.5016,66.6623,29.2474,24.9122,25.1998,3.9604,33.7612,34.689,35.2893
220,89.5081,43.5017,66.6209,29.2057,24.8732,25.1649,4.0663,33.5565,34.729,35.3249
221,90.1601,43.5004,66.5791,29.2865,24.8955,25.2101,3.982,33.6953,34.6926,35.2858
222,90.5072,43.5001,66.5372,29.2762,24.8736,25.1907,3.9873,33.4899,34.8652,35.1947
223,90.67,43.5003,66.4952,29.2892,24.8787,25.1529,4.0022,33.4733,34.6561,35.2292
224,89.766,43.5039,66.4537,29.2364,24.8787,25.1646,4.0372,33.4896,34.6288,35.1306
225,90.3936,43.5025,66.4118,29.2492,24.9071,25.1931,3.9975,33.543,34.695,35.1585
226,90.086,43.5041,66.3701,29.2333,24.8335,25.1331,4.0612,33.6054,34.7619,35.1242
227,90.9977,43.5017,66.328,29.3156,24.8908,25.1706,3.9421,33.4693,34.6008,35.1351
228,91.635,43.5001,66.2856,29.2527,24.8929,25.1641,4.0176,33.4411,34.9218,35.0387
229,92.5826,43.4974,66.2427,29.2278,24.9268,25.2567,4.0445,33.388,34.7777,35.1685
230,90.8676,43.5032,66.2007,29.387,24.8527,25.1277,4.0033,33.4233,34.8106,35.0944
231,91.3216,43.502,66.1584,29.2873,24.8619,25.1552,3.9687,33.4516,34.7083,35.2638
232,90.9095,43.5035,66.1163,29.2493,24.9133,25.2229,4.0193,33.2896,34.6929,35.048
233,90.7938,43.504,66.0743,29.2968,24.8717,25.1593,3.938,33.4659,34.6346,35.1811
234,90.1523,43.5061,66.0325,29.3398,24.9164,25.213,4.0145,33.4088,34.6185,35.0846
235,89.6381,43.5077,65.991,29.3083,24.9108,25.2082,3.9895,33.3132,34.6033,35.137
236,89.6119,43.5076,65.9495,29.266,24.8896,25.1543,4.0159,33.4134,34.6059,34.9787
237,88.9726,43.5095,65.9083,29.2965,24.871,25.1593,3.9926,33.321,34.5985,35.2096
238,88.5856,43.5104,65.8673,29.3109,24.9086,25.1675,3.9989,33.4083,34.6781,35.1008
239,89.4386,43.5073,65.8259,29.3223,24.8679,25.17,4.0162,33.3457,34.6022,35.1511
240,89.1768,43.5076,65.7846,29.2557,24.8529,25.1465,3.9625,33.3351,34.6441,35.0675
241,88.0225,43.5108,65.7439,29.3447,24.8798,25.2143,4.0313,33.2295,34.6188,35.0426
242,88.8954,43.5073,65.7027,29.2973,24.8868,25.1747,3.9311,33.3192,34.4203,35.0818
243,88.3129,43.5084,65.6618,29.2737,24.9058,25.1684,4.0267,33.3172,34.6413,34.8657
244,88.3037,43.5076,65.621,29.268,24.8685,25.1218,3.9927,33.2539,34.552,35.0675
245,88.7201,43.5054,65.5799,29.3173,24.9029,25.1527,3.9907,33.3188,34.4488,34.8739
246,88.8265,43.5041,65.5388,29.3547,24.8731,25.1628,3.9757,33.4903,34.4752,34.9086
247,89.0849,43.5022,65.4975,29.2391,24.9,25.1604,3.9775,33.3056,34.484,34.9439
248,90.0123,43.4981,65.4558,29.3454,24.8687,25.1737,4.0103,33.3304,34.4854,35.0718
249,89.1515,43.4996,65.4146,29.401,24.8817,25.1586,4.0191,33.2242,34.3407,34.8302
250,90.1389,43.4951,65.3728,29.3798,24.8888,25.2029,3.9622,33.3581,34.6043,34.9555
251,89.5111,43.4958,65.3314,29.3079,24.8187,25.1063,3.9786,33.2959,34.5201,34.8232
252,89.9155,43.493,65.2898,29.3536,24.8565,25.1325,4.0372,33.383,34.2401,34.8749
253,90.8546,43.4885,65.2477,29.2632,24.8266,25.1137,4.0168,33.2087,34.3383,34.8169
254,89.9501,43.4898,65.2061,29.2789,24.8943,25.1761,4.0372,33.2603,34.355,34.7635
255,90.0282,43.4879,65.1644,29.3064,24.9049,25.154,4.0065,33.4157,34.3314,34.6965
256,90.4112,43.485,65.1225,29.447,24.9484,25.2547,3.9999,33.3101,34.3713,34.7706
257,91.2578,43.4805,65.0803,29.4191,24.9065,25.1775,4.021,33.4648,34.1861,34.7181
258,91.046,43.4794,65.0381,29.3935,24.8626,25.1157,4.0091,33.2898,34.4853,34.876
259,91.7953,43.4752,64.9956,29.3544,24.8653,25.1508,4.0583,33.354,34.2941,34.7715
260,90.8385,43.4764,64.9536,29.3591,24.9069,25.1671,4.0002,33.3639,34.1602,34.8133
261,91.0959,43.4736,64.9114,29.3555,24.9235,25.2262,4.0388,33.1225,34.1965,34.6196
262,91.5599,43.4702,64.869,29.4446,24.8407,25.133,4.0024,33.329,34.1289,34.6441
263,91.718,43.4677,64.8266,29.3147,24.8767,25.1681,4.0389,33.2036,34.0931,34.7368
264,91.4101,43.4667,64.7842,29.4016,24.8746,25.1415,4.003,33.4081,34.1535,34.5427
265,91.2179,43.4653,64.742,29.4061,24.9307,25.2508,4.0049,33.3435,34.1595,34.8387
266,89.8282,43.4678,64.7004,29.3448,24.9115,25.2041,4.0286,33.3236,34.2159,34.6293
267,90.1792,43.4646,64.6587,29.3854,24.8836,25.1818,3.9989,33.3992,34.0778,34.6434
268,89.3192,43.4654,64.6173,29.3485,24.8762,25.1434,4.0218,33.2315,34.1508,34.5332
269,89.5529,43.4626,64.5759,29.4267,24.9197,25.1713,3.9801,33.4541,34.0058,34.6079
270,89.7922,43.4598,64.5343,29.4578,24.9239,25.203,4.0012,33.3958,34.2326,34.411
271,90.1373,43.4567,64.4926,29.4766,24.9348,25.2019,4.0586,33.3308,34.2853,34.555
272,88.0987,43.4613,64.4518,29.4061,24.9045,25.1881,4.0473,33.3243,34.1334,34.5227
273,87.8629,43.4601,64.4111,29.5009,24.8914,25.169,3.9709,33.5312,34.2298,34.6681
274,88.8484,43.455,64.37,29.4496,24.8696,25.1698,3.993,33.4849,33.99,34.583
275,88.6699,43.4537,64.3289,29.4475,24.9039,25.2043,3.9904,33.6862,33.9757,34.4559
276,88.3438,43.4529,64.288,29.4095,24.9469,25.2379,4.0071,33.508,34.0751,34.3149
277,88.586,43.4503,64.247,29.4131,24.9174,25.1937,4.0221,33.3944,34.0312,34.425
278,88.8673,43.4477,64.2059,29.4949,24.931,25.2306,4.0038,33.558,33.9353,34.377
279,89.689,43.4434,64.1643,29.509,24.9113,25.2291,4.0273,33.5615,33.9797,34.4661
280,90.5322,43.439,64.1224,29.4227,24.9105,25.1899,4.0277,33.4836,33.9566,34.4047
281,90.0705,43.4389,64.0807,29.5069,24.9008,25.1865,4.035,33.5629,34.0312,34.3888
282,89.5039,43.4392,64.0393,29.4812,24.9447,25.2051,3.9691,33.576,34.0344,34.3237
283,89.8356,43.4367,63.9977,29.5331,24.9498,25.2157,4.0548,33.4029,33.9983,34.3257
284,90.4783,43.4333,63.9558,29.5401,24.9961,25.2585,4.0018,33.5164,33.9136,34.4385
285,90.6138,43.4315,63.9139,29.5513,24.9441,25.2113,3.9828,33.5048,34.0133,34.374
286,90.5345,43.4305,63.8719,29.4721,24.9626,25.2414,4.0371,33.567,33.9039,34.2109
287,91.4195,43.4265,63.8296,29.4589,24.9132,25.1853,3.9667,33.6589,33.8773,34.2375
288,91.2234,43.4261,63.7874,29.5139,24.9686,25.28,3.9816,33.6179,33.8314,34.3255
289,90.3623,43.4279,63.7455,29.5155,24.9084,25.2206,4.0218,33.7697,33.7895,34.2325
290,91.063,43.4247,63.7034,29.5088,24.9397,25.2024,4.0246,33.6344,34.0127,34.2355
291,91.9054,43.4212,63.6608,29.5365,24.9657,25.2336,3.9841,33.6729,33.7893,34.231
292,90.7902,43.424,63.6188,29.5644,24.9532,25.248,4.0018,33.5784,33.8056,34.2274
293,90.0054,43.4259,63.5771,29.608,24.995,25.2683,4.0047,33.8257,33.9165,34.272
294,90.4387,43.4239,63.5353,29.5668,24.9172,25.2063,3.9885,33.7607,33.8389,34.2706
295,91.315,43.4206,63.493,29.5203,24.9485,25.2408,4.0131,33.6857,33.9216,34.1948
296,89.3688,43.4264,63.4516,29.5355,24.9603,25.2401,4.0025,33.8243,33.9032,34.2978
297,90.1165,43.4237,63.4099,29.5605,24.9389,25.2246,3.9545,33.7143,33.838,34.1334
298,90.3528,43.4228,63.3681,29.5902,24.973,25.2559,4.0497,33.7348,33.809,34.2572
299,89.0928,43.4266,63.3268,29.5785,24.936,25.2334,3.9714,33.7229,33.7833,34.1338
300,59.9453,43.5199,63.2991,29.5359,24.9563,25.1976,4.0144,32.6663,32.6421,32.9494
301,59.7869,43.5204,63.2714,29.6548,24.9428,25.1825,4.0327,32.5684,32.654,32.9823
302,59.2332,43.5222,63.244,29.5498,25.0029,25.2237,4.0252,32.5871,32.5576,32.9205
303,59.6101,43.5212,63.2164,29.6212,24.987,25.1952,3.999,32.6024,32.6826,32.7244
304,59.0451,43.5233,63.189,29.5757,24.9913,25.2206,3.9793,32.5338,32.6174,32.9197
305,59.061,43.5235,63.1617,29.6677,24.9917,25.2116,3.9962,32.701,32.5937,32.7706
306,59.5702,43.5223,63.1341,29.669,24.9911,25.216,3.9692,32.567,32.611,32.8833
307,59.2757,43.5237,63.1067,29.6271,25.003,25.2158,4.0072,32.5296,32.5117,33.194
308,59.3088,43.5241,63.0792,29.5938,25.0284,25.2429,3.9878,32.6518,32.6155,33.0465
309,59.1032,43.5253,63.0518,29.5828,24.9945,25.2385,4.0085,32.705,32.6204,32.9527
310,59.2478,43.5255,63.0244,29.6912,24.9726,25.2341,3.9434,32.7884,32.593,32.9612
311,59.3992,43.5257,62.9969,29.6307,25.0351,25.2703,3.9903,32.6532,32.83,32.7781
312,59.8051,43.5251,62.9692,29.6287,24.9835,25.1896,4.0022,32.5485,32.6241,32.7815
313,59.7495,43.5261,62.9416,29.6968,24.9634,25.1785,3.998,32.7359,32.6456,32.8786
314,60.2896,43.5251,62.9137,29.6451,25.0208,25.2482,3.9597,32.6877,32.7626,32.907
315,59.6368,43.528,62.886,29.6795,24.9963,25.2144,4.0074,32.7389,32.5751,32.8955
316,60.2454,43.527,62.8582,29.743,24.9872,25.2025,4.0315,32.8121,32.5513,32.8735
317,60.6416,43.5266,62.8301,29.6779,25.0127,25.2432,4.0003,32.6415,32.7542,33.0257
318,60.859,43.5268,62.8019,29.6694,25.0042,25.2489,3.9918,32.6938,32.6211,32.8808
319,60.5872,43.5286,62.7739,29.6553,24.9741,25.1957,4.0364,32.8624,32.6967,32.993
320,60.8803,43.5285,62.7457,29.7422,25.0137,25.2493,4.0373,32.7377,32.6215,32.9353
321,61.4359,43.5277,62.7172,29.6914,25.0468,25.2954,4.0106,32.5269,32.6343,32.9551
322,60.8798,43.5304,62.689,29.673,24.9987,25.2306,3.9866,32.8989,32.7704,33.0462
323,61.0822,43.5306,62.6608,29.694,25.0179,25.2455,3.9654,32.7465,32.6391,32.8789
324,61.0453,43.5316,62.6325,29.732,25.0042,25.2365,3.9666,32.6034,32.7307,32.9753
325,60.0538,43.5357,62.6047,29.7702,25.0204,25.2275,3.9889,32.7903,32.7035,32.9974
326,60.1408,43.5363,62.5769,29.6615,25.0104,25.2193,3.9967,32.6052,32.6826,32.916
327,60.4842,43.536,62.5489,29.6746,25.0808,25.3278,4.0191,32.8063,32.8199,32.9557
328,59.9617,43.5385,62.5211,29.6838,25.1057,25.3506,3.9751,32.7144,32.7802,32.9743
329,59.7934,43.5398,62.4934,29.7594,25.0401,25.2825,4.008,32.5469,32.7546,32.987
330,60.0993,43.5395,62.4656,29.7204,25.0446,25.2507,4.0197,32.6501,32.6994,32.9438
331,60.1858,43.5399,62.4377,29.7441,25.0246,25.2644,4.0435,32.6958,32.7416,33.112
332,59.2786,43.5434,62.4103,29.7132,25.0104,25.2298,3.9616,32.6212,32.7768,33.0075
333,59.5431,43.5431,62.3827,29.7133,25.067,25.2854,4.0383,32.7739,32.6971,33.0779
334,59.3273,43.5443,62.3552,29.7069,25.0362,25.2338,3.9937,32.6044,32.9171,33.228
335,59.1903,43.5452,62.3278,29.7056,25.079,25.3081,3.994,32.8182,32.8089,33.2368
336,59.2535,43.5454,62.3004,29.7016,25.0871,25.2994,4.0066,32.7611,32.8137,33.0693
337,58.6436,43.5477,62.2733,29.7336,25.04,25.2653,3.9823,32.75,32.9394,33.1606
338,58.9935,43.5468,62.246,29.7348,25.0673,25.3199,4.0468,32.6514,32.7927,33.1253
339,59.4148,43.5456,62.2184,29.6976,25.0924,25.2965,4.02,32.6208,32.8228,33.1598
340,59.1726,43.5465,62.1911,29.7549,25.0387,25.2842,3.9335,32.7473,32.94,33.111
341,59.4171,43.5457,62.1635,29.7362,25.0415,25.2683,3.999,32.6844,32.9537,33.0959
342,59.5514,43.5452,62.136,29.7911,25.0518,25.25,4.0018,32.7656,32.8242,33.1941
343,59.8167,43.5442,62.1083,29.8242,25.0667,25.2981,4.0229,32.59,33.0257,33.1887
344,60.1145,43.543,62.0804,29.6752,25.0687,25.2977,3.9884,32.6376,32.8731,33.0712
345,59.6358,43.5442,62.0528,29.7401,25.0606,25.3238,4.0311,32.629,33.1001,33.2146
346,60.4247,43.5413,62.0249,29.7175,25.064,25.3027,4.0076,32.5423,33.0226,33.2279
347,60.3134,43.5411,61.9969,29.7332,25.0489,25.2784,4.0217,32.5683,33.062,33.2366
348,60.5951,43.5397,61.9689,29.6892,25.0731,25.3134,4.0416,32.5214,33.0158,33.2975
349,60.3891,43.5397,61.9409,29.737,25.0914,25.3341,3.9962,32.6551,32.9531,33.338
350,60.5953,43.5382,61.9129,29.7786,25.0895,25.3189,3.9932,32.597,32.9926,33.1623
351,60.9608,43.5362,61.8847,29.7191,25.0965,25.3221,3.9826,32.5841,33.0075,33.3928
352,60.9538,43.5353,61.8564,29.7493,25.0598,25.2599,4.0107,32.5871,33.0814,33.2739
353,60.9323,43.5344,61.8282,29.7548,25.1185,25.3326,4.0254,32.3241,33.1992,33.461
354,60.6018,43.5344,61.8002,29.7083,25.0833,25.3303,3.9844,32.6552,33.142,33.3734
355,61.3951,43.5307,61.7717,29.8127,25.0982,25.3424,4.0284,32.4314,33.2141,33.4106
356,60.9407,43.5309,61.7435,29.7135,25.1264,25.3637,4.0187,32.502,33.1695,33.4539
357,60.7512,43.5302,61.7154,29.7421,25.0769,25.3022,3.9972,32.4239,33.1356,33.5015
358,60.513,43.5295,61.6874,29.7701,25.1085,25.3497,3.9579,32.6077,33.0622,33.4219
359,61.0237,43.5264,61.6591,29.7434,25.0739,25.2879,3.9996,32.5123,33.0127,33.4748
360,60.3631,43.527,61.6312,29.779,25.1055,25.3583,3.9984,32.5864,33.2082,33.4482
361,60.2015,43.526,61.6033,29.589,25.108,25.3546,3.949,32.3983,33.1829,33.4408
362,61.0051,43.5217,61.5751,29.7916,25.1073,25.3577,3.9591,32.5411,33.254,33.4394
363,59.913,43.5235,61.5473,29.7923,25.1128,25.3293,3.9422,32.2578,33.2625,33.5187
364,59.1079,43.5243,61.52,29.7231,25.1289,25.3497,4.0271,32.579,33.3285,33.483
365,59.6119,43.5209,61.4924,29.7574,25.108,25.3402,4.0126,32.4396,33.4524,33.5642
366,59.105,43.5207,61.465,29.6526,25.1156,25.371,3.9786,32.27,33.3922,33.5954
367,59.5882,43.5173,61.4374,29.6735,25.1279,25.3695,4.0126,32.2949,33.3749,33.5693
368,59.2611,43.5164,61.41,29.7547,25.1477,25.398,4.0585,32.2543,33.4249,33.5866
369,58.8129,43.5159,61.3828,29.6489,25.1109,25.3291,4.0358,32.2294,33.283,33.6054
370,59.5185,43.5117,61.3552,29.7796,25.1656,25.3993,3.9986,32.2088,33.1375,33.8103
371,58.5127,43.5129,61.3281,29.6771,25.1262,25.3723,4.032,32.245,33.1768,33.5896
372,59.3206,43.5083,61.3007,29.8424,25.1355,25.3402,3.96,32.3876,33.4671,33.7476
373,59.0886,43.507,61.2733,29.7371,25.1108,25.3569,4.0002,32.2593,33.3699,33.7353
374,59.3895,43.504,61.2458,29.6195,25.1335,25.3789,4.017,32.1543,33.3094,33.7822
375,59.9941,43.5001,61.218,29.6781,25.1068,25.3324,4.021,32.1594,33.5308,33.7973
376,59.9577,43.4982,61.1903,29.7145,25.125,25.3613,3.9934,32.2591,33.3909,33.6434
377,59.5893,43.4974,61.1627,29.6858,25.1079,25.3452,3.9907,32.1812,33.4566,33.7412
378,60.3768,43.4929,61.1347,29.7298,25.1291,25.3584,4.0202,32.2824,33.3981,33.6453
379,60.3609,43.4909,61.1068,29.7234,25.0725,25.2896,4.0092,32.0895,33.4724,33.8492
380,60.2535,43.4893,61.0789,29.6616,25.1179,25.3786,4.0237,32.163,33.4691,33.8592
381,60.5168,43.4866,61.0509,29.7421,25.08,25.3259,4.0478,32.1434,33.5294,33.8686
382,60.4915,43.4848,61.0229,29.7331,25.1149,25.3737,4.0158,32.2148,33.4617,33.89
383,60.7639,43.4821,60.9947,29.6832,25.1004,25.2992,3.9842,32.1995,33.564,33.8206
384,61.0434,43.4794,60.9665,29.6566,25.0692,25.2939,4.0015,32.0723,33.302,33.8784
385,61.3664,43.4766,60.9381,29.6546,25.0649,25.2908,3.9913,32.0975,33.5085,33.7499
386,60.8861,43.4765,60.9099,29.6627,25.1855,25.3696,4.0345,32.0712,33.4911,33.837
387,59.6813,43.4787,60.8823,29.7379,25.0862,25.3214,3.9952,31.9765,33.4722,34.0624
388,60.4503,43.4747,60.8543,29.7058,25.1102,25.3468,3.966,32.136,33.328,33.9396
389,60.235,43.4739,60.8264,29.67,25.1075,25.376,3.9789,32.0963,33.374,33.8366
390,60.3092,43.4722,60.7985,29.6648,25.1129,25.328,4.0193,32.1646,33.4462,33.9854
391,60.2229,43.4711,60.7706,29.6608,25.1177,25.3848,4.0127,32.1075,33.3992,33.8485
392,59.9955,43.4705,60.7428,29.6893,25.1185,25.3548,3.9806,31.8795,33.5097,33.925
393,59.8665,43.4697,60.7151,29.7051,25.1162,25.3652,3.9956,32.0221,33.5276,33.9114
394,59.8993,43.4685,60.6874,29.6269,25.0888,25.3318,3.9633,32.1114,33.5204,34.0015
395,59.6434,43.4682,60.6597,29.5705,25.1329,25.3525,3.9994,31.9651,33.5373,34.0157
396,59.8881,43.4664,60.632,29.5801,25.1358,25.3657,4.0276,32.0601,33.5758,33.832
397,59.8071,43.4658,60.6043,29.6109,25.1126,25.3454,4.0044,32.1974,33.3858,33.9665
398,58.8785,43.468,60.5771,29.6757,25.1415,25.3892,4.0454,32.1954,33.4349,33.9371
399,59.1395,43.4664,60.5497,29.5713,25.1136,25.3767,3.9892,32.128,33.5509,34.0697
400,29.39,43.561,60.5361,29.5795,25.1157,25.2898,3.9967,31.1006,32.5996,32.9694
401,29.7725,43.5592,60.5223,29.5924,25.1157,25.2743,4.0614,31.015,32.4566,33.1004
402,29.4508,43.5597,60.5087,29.5852,25.1014,25.2606,3.9582,31.0757,32.4544,33.0487
403,29.5361,43.5591,60.495,29.6242,25.0807,25.24,3.9726,31.0187,32.4947,32.8972
404,29.6269,43.5585,60.4813,29.6263,25.1856,25.358,4.0393,31.1244,32.3467,32.8409
405,29.8348,43.5576,60.4675,29.5819,25.1414,25.324,3.968,31.146,32.5598,32.8801
406,29.6467,43.5581,60.4537,29.5468,25.1092,25.268,4.0121,30.9261,32.4996,32.9655
407,30.1506,43.5564,60.4398,29.6066,25.1005,25.245,3.9905,31.0242,32.4235,32.9108
408,30.1871,43.5564,60.4258,29.5545,25.0662,25.2449,4.0103,31.0462,32.5138,32.8289
409,30.1499,43.5566,60.4118,29.6047,25.1289,25.3002,4.0093,30.9337,32.4681,33.0762
410,29.9584,43.5574,60.398,29.6293,25.0974,25.2628,4.0469,31.2,32.3812,33.019
411,29.8681,43.5579,60.3841,29.5866,25.0601,25.1986,3.9998,30.9798,32.5553,33.0355
412,30.1847,43.5573,60.3702,29.5893,25.1574,25.3131,4.0175,31.1373,32.4306,33.0011
413,30.5234,43.5566,60.356,29.5366,25.0942,25.2625,3.9886,31.2103,32.404,32.8665
414,30.3932,43.5575,60.342,29.5528,25.103,25.2483,4.0028,31.238,32.4448,33.0726
415,30.6472,43.5572,60.3278,29.5793,25.0913,25.2791,4.0039,31.0539,32.4455,32.9328
416,30.4282,43.5585,60.3137,29.5497,25.0865,25.2527,3.9865,31.2612,32.4027,33.0571
417,30.3876,43.5592,60.2996,29.5049,25.1231,25.3055,3.9812,31.1933,32.3075,32.9144
418,30.3494,43.56,60.2856,29.5963,25.0863,25.2406,4.0449,31.1067,32.5383,32.7641
419,30.3104,43.5609,60.2715,29.5483,25.1568,25.331,3.9869,31.1027,32.2795,32.9607
420,30.3059,43.5617,60.2575,29.4697,25.1142,25.2996,3.9865,31.2393,32.3025,32.9031
421,30.2071,43.5628,60.2435,29.5146,25.1381,25.3066,3.9759,31.1815,32.2945,32.9006
422,30.0193,43.5642,60.2296,29.5462,25.0858,25.2524,4.0349,31.206,32.2534,32.7996
423,30.0249,43.5651,60.2157,29.4791,25.0879,25.2612,3.9877,31.1853,32.2973,32.8645
424,30.0747,43.5658,60.2018,29.5131,25.1025,25.2861,4.0372,31.2765,32.2583,32.9856
425,29.9064,43.5672,60.188,29.506,25.0788,25.2805,4.0006,31.2412,32.3186,32.85
426,30.1193,43.5675,60.174,29.4476,25.0874,25.2613,3.9886,31.2145,32.3207,32.9207
427,29.7497,43.5696,60.1602,29.513,25.1137,25.2906,4.0063,31.2639,32.1905,32.8672
428,29.6029,43.571,60.1465,29.5481,25.0756,25.2836,4.0139,31.4044,32.3239,32.924
429,29.57,43.572,60.1328,29.452,25.073,25.2748,4.0253,31.3652,32.0798,32.7232
430,29.659,43.5726,60.1191,29.5043,25.1075,25.2899,3.9656,31.2983,32.0665,32.928
431,29.584,43.5737,60.1054,29.4432,25.0836,25.237,4.0168,31.3021,32.2136,32.7966
432,29.6375,43.5744,60.0917,29.3994,25.095,25.2556,3.9562,31.4145,32.1426,32.8158
433,29.6535,43.5752,60.078,29.4474,25.0938,25.2671,4.0217,31.3399,32.1191,32.8008
434,29.5103,43.5765,60.0643,29.3877,25.0849,25.2511,3.9801,31.2696,31.9222,32.6868
435,29.3536,43.5778,60.0507,29.4311,25.11,25.2759,3.978,31.4555,32.1105,32.8346
436,29.8106,43.5771,60.0369,29.3914,25.0861,25.2812,3.9603,31.4022,32.0656,32.7102
437,29.8076,43.5778,60.0231,29.4178,25.0574,25.2364,4.0354,31.4225,32.1045,32.7277
438,29.7314,43.5787,60.0094,29.4408,25.0306,25.1965,4.0041,31.4709,31.9145,32.7683
439,29.6643,43.5796,59.9956,29.4198,25.0927,25.2877,4.0184,31.4988,32.047,32.7023
440,29.9035,43.5793,59.9818,29.3904,25.0532,25.2241,4.0063,31.4611,31.94,32.5148
441,30.1385,43.5791,59.9678,29.4518,25.0359,25.2093,3.988,31.4374,31.902,32.6916
442,30.1973,43.5793,59.9538,29.375,25.0407,25.1883,3.9946,31.6192,32.0667,32.6413
443,30.3704,43.5791,59.9398,29.4049,25.0895,25.2562,3.9897,31.605,31.9796,32.6025
444,30.4965,43.579,59.9257,29.3761,25.0202,25.1607,4.0293,31.5578,31.963,32.5863
445,30.5124,43.5792,59.9115,29.3426,25.0639,25.2539,4.022,31.4475,31.8467,32.4392
446,30.3692,43.5798,59.8975,29.3808,25.1019,25.2875,3.9926,31.4869,31.8454,32.6006
447,30.1892,43.5805,59.8835,29.3476,25.073,25.2307,3.9994,31.6174,31.7913,32.4756
448,30.8463,43.5784,59.8692,29.362,25.0553,25.2227,4.0039,31.509,32.1166,32.5082
449,30.196,43.5804,59.8552,29.401,25.0514,25.2168,3.9431,31.5174,31.8471,32.3876
450,30.3212,43.5798,59.8412,29.3442,25.0347,25.2362,3.9958,31.5499,31.8126,32.6205
451,30.5601,43.5788,59.8271,29.3471,25.0397,25.1925,4.004,31.5415,31.921,32.5537
452,30.199,43.5796,59.8131,29.3187,25.0444,25.2276,3.9716,31.4651,31.816,32.6379
453,30.3178,43.5788,59.799,29.3539,25.0348,25.2073,4.0185,31.5821,31.8365,32.4217
454,30.2825,43.5784,59.785,29.2941,25.0288,25.2333,4.0302,31.7673,31.966,32.481
455,30.0239,43.5786,59.7711,29.2617,25.0368,25.2163,3.9804,31.5455,31.8193,32.5734
456,29.7474,43.5788,59.7573,29.2588,24.9884,25.1601,3.9987,31.787,31.8633,32.4055
457,29.8676,43.5777,59.7435,29.3888,25.0435,25.2109,3.9653,31.5065,31.8663,32.2438
458,29.794,43.5771,59.7297,29.2788,24.997,25.1836,4.034,31.5891,31.8335,32.3656
459,29.7551,43.5762,59.7159,29.3478,25.0048,25.1957,4.0241,31.6732,31.6637,32.4071
460,29.6442,43.5756,59.7022,29.3569,25.0231,25.2371,4.0182,31.6415,31.7833,32.4033
461,29.4021,43.5753,59.6886,29.2781,24.9919,25.1605,4.016,31.6985,31.643,32.4366
462,29.5945,43.5735,59.6749,29.3273,24.9961,25.1726,4.017,31.6949,31.6849,32.3021
463,29.4675,43.5726,59.6613,29.3428,25.0279,25.2246,3.937,31.8334,31.4427,32.2414
464,29.8206,43.5701,59.6475,29.3096,24.9663,25.1673,3.9903,31.7644,31.6124,32.2026
465,29.4006,43.5701,59.6339,29.3832,25.0382,25.2405,3.9754,31.6829,31.6227,32.2422
466,29.3809,43.5687,59.6203,29.3505,25.0055,25.1357,3.9947,31.7205,31.7176,32.2104
467,29.886,43.5655,59.6064,29.3831,25.0072,25.1873,3.9505,31.7123,31.7749,32.2726
468,29.6535,43.5647,59.5927,29.3016,24.9699,25.1185,3.9528,31.6867,31.7929,32.1878
469,29.8031,43.5625,59.5789,29.2669,24.9837,25.1646,3.9693,31.7349,31.6699,32.2061
470,29.7743,43.5609,59.5651,29.274,25.0016,25.203,4.004,31.796,31.5802,32.1138
471,29.7269,43.5593,59.5513,29.2717,24.9697,25.1812,4.0253,31.6254,31.5236,32.0965
472,30.3169,43.5556,59.5373,29.3249,24.9948,25.1495,4.0225,31.7474,31.6308,32.0592
473,29.9359,43.5549,59.5234,29.2868,25.0121,25.1967,3.9965,31.7734,31.6449,32.0333
474,30.0601,43.5527,59.5095,29.1967,25.0047,25.1581,3.9895,31.5865,31.472,32.2542
475,30.3204,43.5499,59.4955,29.2766,24.9655,25.1407,3.9459,31.6509,31.6668,32.0774
476,30.2634,43.5481,59.4815,29.3058,24.9704,25.1519,3.9858,31.6276,31.6265,32.1333
477,30.5461,43.5452,59.4673,29.3345,25.0155,25.1694,4.0076,31.5742,31.8256,31.9654
478,30.4223,43.5436,59.4533,29.2817,25.0166,25.2106,4.0263,31.7686,31.515,32.0636
479,30.6523,43.5409,59.4391,29.298,24.9991,25.1672,4.0311,31.6474,31.4767,32.0783
480,30.2856,43.5401,59.425,29.2482,24.9684,25.1492,4.0404,31.7595,31.6386,32.0335
481,30.1004,43.5386,59.4111,29.2916,25.0037,25.1692,4.0166,31.7724,31.6394,31.9573
482,30.27,43.5361,59.3971,29.2521,24.9367,25.0986,3.9953,31.5724,31.6002,31.9731
483,30.3737,43.5337,59.383,29.2481,24.9763,25.1361,3.9875,31.6668,31.5502,31.9947
484,29.9195,43.5332,59.3692,29.2105,24.94,25.1176,3.9764,31.6192,31.6591,31.9837
485,30.2225,43.5302,59.3552,29.3237,24.9652,25.1237,4.0178,31.576,31.4743,31.9947
486,29.9025,43.5293,59.3413,29.1885,24.9771,25.1412,4.0052,31.5288,31.6155,32.0464
487,30.2458,43.5263,59.3273,29.2352,25.0028,25.1823,4.0284,31.5959,31.4919,31.9614
488,30.0655,43.5249,59.3134,29.2676,24.9769,25.1326,4.0052,31.626,31.6308,31.9028
489,30.3044,43.5223,59.2994,29.2844,24.9408,25.1235,3.9832,31.7119,31.4193,31.9153
490,29.635,43.5226,59.2857,29.2446,24.9425,25.0994,3.9975,31.5261,31.4833,31.8023
491,29.855,43.5201,59.2719,29.2244,24.9235,25.0814,3.982,31.7053,31.4806,31.9269
492,29.6884,43.5189,59.2581,29.2689,24.9834,25.1393,4.0303,31.618,31.587,31.962
493,29.6748,43.5173,59.2444,29.2698,24.9644,25.1414,4.0144,31.4334,31.4872,31.9158
494,29.5749,43.516,59.2307,29.2427,24.9787,25.1757,4.0079,31.5666,31.6413,31.9946
495,29.681,43.5141,59.2169,29.2606,24.9719,25.1748,4.0047,31.7077,31.5021,31.8331
496,29.4855,43.5132,59.2033,29.2223,24.9664,25.1567,4.0413,31.5563,31.751,31.8808
497,29.3347,43.5123,59.1897,29.2082,24.9477,25.1188,3.9774,31.4517,31.5619,31.8306
498,29.4087,43.5107,59.1761,29.266,24.9419,25.1294,3.9771,31.5616,31.6431,31.9134
499,29.6099,43.5088,59.1624,29.2621,24.9601,25.1389,3.9711,31.5205,31.5906,31.8611
500,14.9624,43.5544,59.1555,29.2826,24.9579,25.1094,3.9643,31.1284,31.2888,31.317
501,14.8411,43.5537,59.1486,29.2471,24.9623,25.1138,3.9763,31.0606,31.2346,31.6083
502,14.8452,43.5526,59.1417,29.2183,24.9335,25.0678,4.0026,30.8959,31.2588,31.4883
503,15.062,43.551,59.1347,29.2289,24.9471,25.1005,3.9682,30.9467,31.2788,31.579
504,15.0678,43.5501,59.1278,29.2584,24.9053,25.0677,4.03,30.8882,31.2098,31.5312
505,15.0977,43.5492,59.1208,29.335,24.9038,25.0521,3.9742,31.009,31.23,31.581
506,15.1613,43.5483,59.1138,29.2128,24.9013,25.0334,4.0324,31.0326,31.2571,31.5306
507,15.1561,43.5477,59.1067,29.1808,24.8989,25.0533,4.0148,30.8315,31.1515,31.504
508,15.1309,43.5472,59.0997,29.2819,24.8828,25.0324,3.9994,30.8895,31.2661,31.4192
509,15.2572,43.5463,59.0927,29.2745,24.9416,25.094,4.0033,30.8746,31.3416,31.4892
510,15.0298,43.5467,59.0857,29.3408,24.8931,25.0721,3.9845,30.8343,31.2747,31.365
511,15.1624,43.546,59.0787,29.2328,24.9252,25.0969,4.0071,30.9948,31.3337,31.4112
512,15.15,43.5458,59.0717,29.2652,24.9159,25.0972,4.0708,30.8873,31.3238,31.479
513,15.2132,43.5455,59.0646,29.2335,24.8848,25.0398,4.0045,30.9188,31.2058,31.4669
514,15.1359,43.5457,59.0576,29.3459,24.9293,25.0678,3.9898,30.8017,31.4108,31.4718
515,15.2466,43.5454,59.0506,29.2524,24.9061,25.0421,4.0583,30.9069,31.3852,31.5113
516,15.1761,43.5458,59.0435,29.1825,24.939,25.1094,3.9932,30.7085,31.2642,31.4423
517,15.0795,43.5463,59.0366,29.213,24.9318,25.0882,4.0021,30.7764,31.2841,31.5307
518,15.1325,43.5464,59.0296,29.3058,24.941,25.1096,3.9917,30.7801,31.4096,31.581
519,15.1411,43.5467,59.0225,29.2899,24.9021,25.0869,4.0266,30.8069,31.3462,31.3879
520,14.8445,43.5481,59.0157,29.2937,24.9162,25.0813,3.9842,30.7199,31.5434,31.4882
521,14.9324,43.5483,59.0088,29.3532,24.9112,25.0509,3.9901,30.7077,31.4608,31.5944
522,15.009,43.5486,59.0018,29.3502,24.8815,25.0239,3.9981,30.6295,31.3548,31.4564
523,14.6954,43.5502,58.995,29.3037,24.8242,24.9193,4.0042,30.7347,31.6008,31.4581
524,14.8598,43.5503,58.9881,29.2845,24.9013,25.0263,4.0042,30.8159,31.6222,31.6133
525,14.6916,43.5515,58.9813,29.3036,24.8884,25.0087,4.0095,30.6565,31.6245,31.5578
526,14.837,43.5518,58.9745,29.3098,24.8739,25.0085,3.9945,30.6576,31.47,31.5467
527,14.6557,43.5532,58.9677,29.3212,24.8727,24.995,4.0353,30.7529,31.5628,31.719
528,14.7787,43.5536,58.9608,29.3398,24.9134,25.0589,4.0182,30.7507,31.5526,31.6469
529,14.7287,43.5546,58.954,29.335,24.9287,25.0851,4.0263,30.826,31.6485,31.7398
530,15.0114,43.5545,58.9471,29.3205,24.8496,24.9755,3.9877,30.644,31.5934,31.5697
531,14.7596,43.5562,58.9402,29.3631,24.931,25.0626,4.007,30.7044,31.4824,31.6653
532,14.8354,43.5569,58.9334,29.37,24.9051,25.0834,3.9525,30.6181,31.6498,31.6673
533,14.9893,43.5573,58.9264,29.3845,24.8775,25.0153,3.9744,30.5977,31.6392,31.6026
534,14.9808,43.5583,58.9195,29.2553,24.8709,25.0345,4.0394,30.6769,31.6102,31.6574
535,14.9752,43.5592,58.9126,29.3915,24.8414,24.991,4.0216,30.5597,31.6988,31.7256
536,15.0664,43.5598,58.9056,29.3782,24.8723,25.0043,4.0252,30.573,31.5214,31.7739
537,15.2153,43.5602,58.8985,29.3432,24.8861,25.06,3.9858,30.6354,31.6703,31.6183
538,15.2068,43.5612,58.8915,29.3683,24.8906,25.0563,4.0041,30.6342,31.7749,31.6808
539,15.1911,43.5621,58.8845,29.3446,24.8816,25.0245,4.0176,30.6608,31.6234,31.6286
540,15.1816,43.563,58.8774,29.4207,24.9147,25.0727,3.9829,30.725,31.8483,31.8033
541,14.9795,43.5644,58.8705,29.3868,24.8626,25.0064,3.9852,30.5958,31.5482,31.8703
542,15.121,43.5648,58.8635,29.3429,24.8603,25.0019,4.0215,30.5339,31.6487,31.7982
543,15.0622,43.5657,58.8565,29.3624,24.8588,25.0395,4.0,30.6393,31.7721,31.8995
544,15.2536,43.5658,58.8495,29.3551,24.8776,25.0232,4.0005,30.615,31.9617,31.7573
545,15.1159,43.5669,58.8425,29.4042,24.8809,25.0119,3.9907,30.6243,31.747,31.9243
546,15.2306,43.5671,58.8354,29.451,24.8616,25.0115,4.0424,30.6669,31.8118,31.9662
547,15.2566,43.5676,58.8283,29.3612,24.872,24.9899,4.0255,30.5601,31.8258,31.7546
548,15.109,43.5685,58.8214,29.4354,24.8575,25.0065,4.0046,30.5397,31.8302,32.028
549,15.1409,43.5688,58.8143,29.4256,24.8846,25.0304,3.982,30.6622,31.8435,32.0608
550,15.0514,43.5695,58.8074,29.4535,24.8682,24.9848,4.01,30.6909,31.9577,31.6844
551,14.8618,43.5704,58.8005,29.4884,24.8881,25.0238,4.003,30.6304,31.8891,31.9398
552,14.9936,43.5702,58.7936,29.3643,24.8861,25.0362,3.9732,30.6087,31.9032,31.9278
553,14.863,43.5707,58.7867,29.4211,24.8386,24.959,4.0064,30.6849,31.6832,31.9756
554,14.8016,43.571,58.7798,29.4696,24.8754,25.022,4.0357,30.6417,32.0093,31.9862
555,14.865,43.5708,58.7729,29.5216,24.8921,25.0345,4.0135,30.6243,32.0167,32.1149
556,14.7795,43.5709,58.7661,29.4676,24.8817,25.0049,4.0052,30.6647,32.0766,32.0953
557,14.7499,43.5708,58.7593,29.4657,24.8872,25.0595,3.9993,30.7134,31.816,31.951
558,14.896,43.5701,58.7524,29.4797,24.8683,25.0471,3.9949,30.5586,32.0028,32.1354
559,14.7902,43.5701,58.7455,29.3918,24.8669,25.0395,4.0401,30.7234,31.9433,32.0416
560,14.7036,43.5699,58.7387,29.4736,24.8718,25.0019,4.0332,30.833,31.9995,32.1767
561,14.7972,43.5691,58.7319,29.5496,24.9103,25.0535,4.0187,30.6732,32.0313,32.1657
562,14.8532,43.5683,58.725,29.4818,24.8678,25.0344,3.9661,30.6771,32.0035,32.1776
563,14.9028,43.5674,58.7181,29.5499,24.8672,24.9918,4.0005,30.6651,31.931,32.2436
564,14.8739,43.5668,58.7112,29.4687,24.8772,25.0293,3.9887,30.7309,31.983,32.1928
565,15.0205,43.5654,58.7042,29.4781,24.8742,25.0097,3.9744,30.7768,31.8819,32.148
566,15.0022,43.5645,58.6973,29.4735,24.8635,25.0163,4.0281,30.8678,32.1921,32.3096
567,15.0953,43.5632,58.6903,29.498,24.8898,25.0226,4.0121,30.773,31.855,32.179
568,15.0651,43.5622,58.6833,29.442,24.8872,25.0778,3.9783,30.8364,32.0983,32.2913
569,15.264,43.5603,58.6763,29.5563,24.8729,25.0129,3.9889,30.8171,31.9819,32.2679
570,15.1761,43.5593,58.6692,29.4836,24.9178,25.0467,3.9554,30.9118,31.9903,32.3622
571,15.2291,43.5578,58.6622,29.5524,24.8722,25.0044,4.0082,30.8981,32.2065,32.5493
572,15.1064,43.5568,58.6552,29.6493,24.8808,25.0247,3.9662,30.9394,32.0605,32.2385
573,15.1669,43.5551,58.6482,29.5308,24.8983,25.029,4.0081,30.7036,32.0505,32.5418
574,15.185,43.5535,58.6412,29.4341,24.8689,25.0128,4.0168,30.8456,32.1257,32.3489
575,15.2243,43.5518,58.6341,29.5459,24.9117,25.021,3.9802,30.8052,32.0432,32.4657
576,15.208,43.5502,58.6271,29.567,24.8877,25.0391,4.0454,30.9648,31.9899,32.4572
577,15.2436,43.5483,58.62,29.5853,24.9328,25.0964,4.0414,30.8813,32.038,32.2518
578,15.0905,43.547,58.613,29.5199,24.9267,25.0679,3.9953,30.9018,32.0212,32.5276
579,15.2407,43.5447,58.606,29.5976,24.8733,25.0301,3.9869,31.0964,31.9219,32.4973
580,14.9831,43.5437,58.599,29.5347,24.9445,25.1136,4.008,31.0012,32.0097,32.4744
581,15.0715,43.5415,58.592,29.6226,24.9041,25.0289,4.0113,31.0317,32.0495,32.3604
582,14.9002,43.5401,58.5851,29.5889,24.8979,25.04,3.9965,31.099,32.0791,32.4753
583,14.8899,43.5382,58.5783,29.6048,24.8624,24.9903,3.9895,31.0347,32.0835,32.4927
584,14.846,43.5364,58.5714,29.5784,24.8766,25.0265,3.9782,30.9642,32.0517,32.502
585,14.8795,43.5343,58.5645,29.5971,24.8962,25.0401,3.9969,30.9917,32.0066,32.538
586,14.7255,43.5327,58.5577,29.7217,24.8535,25.0324,4.0128,30.9179,32.0013,32.5057
587,14.8207,43.5304,58.5508,29.6518,24.9141,25.1003,3.982,30.938,32.059,32.5156
588,14.8931,43.5282,58.5439,29.5655,24.9517,25.1112,4.0024,31.1189,32.1004,32.5625
589,14.716,43.5267,58.5371,29.6184,24.8959,25.0605,4.03,31.113,31.8991,32.5275
590,14.8973,43.5241,58.5302,29.6356,24.9129,25.0663,3.9664,31.1149,32.0531,32.5781
591,14.9159,43.5221,58.5233,29.6534,24.9433,25.0714,3.9578,31.1525,31.9942,32.6822
592,14.9927,43.5199,58.5164,29.6485,24.9096,25.0698,4.0127,31.1143,31.8475,32.6825
593,14.9159,43.5181,58.5095,29.6069,24.9336,25.0944,4.0025,31.2603,31.824,32.5861
594,14.7969,43.5166,58.5026,29.6414,24.9125,25.0503,3.987,31.2143,31.9497,32.6044
595,15.0216,43.514,58.4957,29.646,24.9391,25.0884,3.9944,31.093,32.1055,32.4314
596,14.8909,43.5125,58.4888,29.6458,24.9586,25.0721,4.0429,31.347,31.9559,32.5226
597,14.9084,43.5107,58.4819,29.6247,24.9323,25.0932,3.988,31.2771,32.0874,32.7284
598,14.9899,43.5086,58.4749,29.6582,24.9517,25.089,4.0364,31.3049,32.0051,32.4054
599,15.0437,43.5067,58.468,29.6662,25.0018,25.163,3.9891,31.2322,32.0594,32.7061
